{"test_complex_sinusoid": [{"freq": 0.11, "mean": [7.269374169283083e-08, 7.262142273248681e-08], "sum": [0.03334839938906953, 0.03331522292137379], "str": "sum\n[0.000000e+00,0.000000e+00], [3.334840e-02,3.331522e-02]\n[3.334840e-02,3.331522e-02], [0.000000e+00,0.000000e+00]\nmean\n[0.000000e+00,0.000000e+00], [7.269374e-08,7.262142e-08]\n[7.269374e-08,7.262142e-08], [0.000000e+00,0.000000e+00]\n"}], "test_simulated_pulsar": [{"mean": [3.091662212457516e-08, 3.090281154931422e-08], "sum": [0.19147134014405687, 0.19138580915225845], "str": "sum\n[0.000000e+00,0.000000e+00], [1.914713e-01,1.913858e-01]\n[1.914713e-01,1.913858e-01], [0.000000e+00,0.000000e+00]\nmean\n[0.000000e+00,0.000000e+00], [3.091662e-08,3.090281e-08]\n[3.091662e-08,3.090281e-08], [0.000000e+00,0.000000e+00]\n"}], "test_time_domain_impulse": [{"offset": 0.11, "mean": [4.036767438782416e-11, 3.183775399853925e-11], "sum": [1.8518751360763108e-05, 1.4605633322337878e-05], "str": "sum\n[0.000000e+00,0.000000e+00], [1.851875e-05,1.460563e-05]\n[1.851875e-05,1.460563e-05], [0.000000e+00,0.000000e+00]\nmean\n[0.000000e+00,0.000000e+00], [4.036767e-11,3.183775e-11]\n[4.036767e-11,3.183775e-11], [0.000000e+00,0.000000e+00]\n"}]}