{"test_complex_sinusoid": [{"freq": 377475, "mean": 1.0, "sum": 442368, "str": "sum\n[[4.423680e+05, 4.423680e+05]\n[4.423680e+05, 4.423680e+05]]\n\nmean\n[[1.000000e+00, 1.000000e+00]\n[1.000000e+00, 1.000000e+00]]\n"}], "test_simulated_pulsar": [{"mean": 0.9755810207790798, "sum": 5754211, "str": "sum\n[[5.898240e+06, 5.754211e+06]\n[5.754212e+06, 5.898240e+06]]\n\nmean\n[[1.000000e+00, 9.755810e-01]\n[9.755812e-01, 1.000000e+00]]\n"}], "test_time_domain_impulse": [{"offset": 0.11, "mean": 1.0, "sum": 442368, "str": "sum\n[[4.423680e+05, 4.423680e+05]\n[4.423680e+05, 4.423680e+05]]\n\nmean\n[[1.000000e+00, 1.000000e+00]\n[1.000000e+00, 1.000000e+00]]\n"}]}