{"test_complex_sinusoid": [{"freq": 0.11, "mean": 1.0, "sum": 13824, "str": "sum\n[1.382400e+04,0.000000e+00], [1.382400e+04,0.000000e+00]\n[1.382400e+04,0.000000e+00], [1.382400e+04,0.000000e+00]\nmean\n[1.000000e+00,0.000000e+00], [1.000000e+00,0.000000e+00]\n[1.000000e+00,0.000000e+00], [1.000000e+00,0.000000e+00]\n"}], "test_time_domain_impulse": [{"offset": 0.11, "mean": 1.0, "sum": 13824, "str": "sum\n[1.382400e+04,0.000000e+00], [1.382400e+04,0.000000e+00]\n[1.382400e+04,0.000000e+00], [1.382400e+04,0.000000e+00]\nmean\n[1.000000e+00,0.000000e+00], [1.000000e+00,0.000000e+00]\n[1.000000e+00,0.000000e+00], [1.000000e+00,0.000000e+00]\n"}]}