{"folded": [{"mean": 0.0008667771602327274, "total": 0.8875798120783128, "max": 0.022721542539935857}, {"mean": 0.0013944441804785842, "total": 1.4279108408100702, "max": 0.03264012263160809}, {"mean": 0.003003791610855607, "total": 3.0758826095161416, "max": 0.07885331962662323}, {"mean": 0.0033534067094759252, "total": 3.4338884705033474, "max": 0.10751498802175585}]}