{"test_complex_sinusoid": [{"freq": 4, "mean_diff": 0.0004304421308916062, "total_diff": 253.88510131835938, "max_spurious_power": -69.29421020499586, "total_spurious_power": -66.37189898716149, "mean_spurious_power": -121.634357360558}], "test_time_domain_impulse": [{"offset": 25866, "mean_diff": 3.2898765933708773e-09, "total_diff": 0.0019404481863602996, "max_spurious_power": -80.27225953857342, "total_spurious_power": -73.44515187207946, "mean_spurious_power": -127.52778192920161}]}