{"test_time_domain_impulse": [{"offset": 0.11, "mean": [1.1509260867054572e-07, 3.170153907642483e-08], "sum": [0.05279896441283019, 0.014543144454388042], "str": "sum\n[0.000000e+00,0.000000e+00], [5.279896e-02,1.454314e-02]\n[5.279896e-02,1.454314e-02], [0.000000e+00,0.000000e+00]\nmean\n[0.000000e+00,0.000000e+00], [1.150926e-07,3.170154e-08]\n[1.150926e-07,3.170154e-08], [0.000000e+00,0.000000e+00]\n"}]}