{
  "dm": 2.64476,
  "period": 0.00575745
}
